zone,family,center,cI,Q,zero_count_zone,zero_min,zero_max,E,S,Beff,zeros_used,J_max,J_0,J_1,J_2,J_3,J_4,tail_drift,reg_drift,classification
2118.308694211159,gap_midpoint,2111.8647296856616,0.1,7.655326594330674,101,2064.304867699634,2172.250962827517,0.5830054941448138,0.7653830360887878,0.2650870689436549,74,0.7631910732314625,0.7631910732314625,0.011216880264030317,0.21386034177819993,0.002491201498390859,0.13383748159282513,0.000646702529681142,2.7280322653458384,healthy_proxy
2118.308694211159,large_gap_midpoint,2111.8647296856616,0.1,7.655326594330674,101,2064.304867699634,2172.250962827517,0.5830054941448138,0.7653830360887878,0.2650870689436549,74,0.7631910732314625,0.7631910732314625,0.011216880264030317,0.21386034177819993,0.002491201498390859,0.13383748159282513,0.000646702529681142,2.7280322653458384,healthy_proxy
2118.308694211159,gap_midpoint,2111.8647296856616,0.2,7.655326594330674,101,2064.304867699634,2172.250962827517,0.5846449360801502,0.7697239155307258,0.26370743666818863,74,0.7631910732314625,0.7631910732314625,0.011216880264030317,0.21386034177819993,0.002491201498390859,0.13383748159282513,0.0006458004995681733,2.7275775958270136,healthy_proxy
2118.308694211159,large_gap_midpoint,2111.8647296856616,0.2,7.655326594330674,101,2064.304867699634,2172.250962827517,0.5846449360801502,0.7697239155307258,0.26370743666818863,74,0.7631910732314625,0.7631910732314625,0.011216880264030317,0.21386034177819993,0.002491201498390859,0.13383748159282513,0.0006458004995681733,2.7275775958270136,healthy_proxy
2118.308694211159,gap_midpoint,2111.8647296856616,0.5,7.655326594330674,101,2064.304867699634,2172.250962827517,0.5963254660382257,0.795935926280385,0.2539885266598896,74,0.7631910732314625,0.7631910732314625,0.011216880264030317,0.21386034177819993,0.002491201498390859,0.13383748159282513,0.0006394537849495596,2.72434813294889,healthy_proxy
2118.308694211159,large_gap_midpoint,2111.8647296856616,0.5,7.655326594330674,101,2064.304867699634,2172.250962827517,0.5963254660382257,0.795935926280385,0.2539885266598896,74,0.7631910732314625,0.7631910732314625,0.011216880264030317,0.21386034177819993,0.002491201498390859,0.13383748159282513,0.0006394537849495596,2.72434813294889,healthy_proxy
2118.308694211159,gap_midpoint,2111.8647296856616,1.0,7.655326594330674,101,2064.304867699634,2172.250962827517,0.6411240863597049,0.8875467828964388,0.2184002597595689,74,0.7631910732314625,0.7631910732314625,0.011216880264030317,0.21386034177819993,0.002491201498390859,0.13383748159282513,0.0006163620673253217,2.7121395096074346,healthy_proxy
2118.308694211159,large_gap_midpoint,2111.8647296856616,1.0,7.655326594330674,101,2064.304867699634,2172.250962827517,0.6411240863597049,0.8875467828964388,0.2184002597595689,74,0.7631910732314625,0.7631910732314625,0.011216880264030317,0.21386034177819993,0.002491201498390859,0.13383748159282513,0.0006163620673253217,2.7121395096074346,healthy_proxy
2118.308694211159,gram_point,2111.772016146168,0.1,7.655282692098978,101,2064.304867699634,2172.250962827517,0.6574763873553009,0.8264591181581735,0.20602695352524408,73,0.8103915580689669,0.8103915580689669,-0.1481329120525753,0.24733112090141768,-0.1013066232951964,0.17249620216209446,0.0006086368534916097,2.704621093538969,healthy_proxy
2118.308694211159,gram_point,2111.772016146168,0.2,7.655282692098978,101,2064.304867699634,2172.250962827517,0.6597098085882909,0.8451116715171231,0.20436083852582212,73,0.8103915580689669,0.8103915580689669,-0.1481329120525753,0.24733112090141768,-0.1013066232951964,0.17249620216209446,0.0006075105380816084,2.703947180452659,healthy_proxy
2118.308694211159,gram_point,2111.772016146168,0.5,7.655282692098978,101,2064.304867699634,2172.250962827517,0.6756719725476367,0.9179698106395963,0.1926148899798296,73,0.8103915580689669,0.8103915580689669,-0.1481329120525753,0.24733112090141768,-0.1013066232951964,0.17249620216209446,0.0005995980105804909,2.699154843938343,healthy_proxy
2118.308694211159,gram_point,2111.772016146168,1.0,7.655282692098978,101,2064.304867699634,2172.250962827517,0.7376771248704155,1.1075919300521657,0.14947904812637836,73,0.8103915580689669,0.8103915580689669,-0.1481329120525753,0.24733112090141768,-0.1013066232951964,0.17249620216209446,0.0005709979257583055,2.680959026950571,healthy_proxy
2118.308694211159,random,2104.288526548776,0.1,7.651732696845917,101,2064.304867699634,2172.250962827517,0.9583702039258801,1.0005035071368682,0.02089560684127298,74,0.9783302755238396,0.9783302755238396,-0.20461003313920517,0.3370949056021526,-0.1538257644461319,0.2638020863459503,0.00044888646419543617,2.6678894559121646,healthy_proxy
2118.308694211159,random,2104.288526548776,0.2,7.651732696845917,101,2064.304867699634,2172.250962827517,0.9621049815909597,1.0262174284221657,0.01898427247088291,74,0.9783302755238396,0.9783302755238396,-0.20461003313920517,0.3370949056021526,-0.1538257644461319,0.2638020863459503,0.0004479096109832606,2.667030703156382,healthy_proxy
2118.308694211159,random,2104.288526548776,0.5,7.651732696845917,101,2064.304867699634,2172.250962827517,0.9888705606702407,1.126723913185872,0.005499856639817104,74,0.9783302755238396,0.9783302755238396,-0.20461003313920517,0.3370949056021526,-0.1538257644461319,0.2638020863459503,0.0004410499636336008,2.6609155886240474,healthy_proxy
2118.308694211159,uniform,2104.485164799394,0.1,7.6518261389101285,101,2064.304867699634,2172.250962827517,1.028140909477626,1.040614077486593,-0.013637832102984596,73,1.0132737549839672,1.0132737549839672,0.2553469074689138,0.35481924457826686,0.182008763767762,0.2833927737299615,0.00043398489674433254,2.6626910509479913,healthy_proxy
2118.308694211159,uniform,2104.485164799394,0.2,7.6518261389101285,101,2064.304867699634,2172.250962827517,1.0324096081457688,1.0717017489691183,-0.01567389090469702,73,1.0132737549839672,1.0132737549839672,0.2553469074689138,0.35481924457826686,0.182008763767762,0.2833927737299615,0.00043294800886685956,2.6617577101150056,healthy_proxy
2118.308694211159,uniform,2104.485164799394,0.5,7.6518261389101285,101,2064.304867699634,2172.250962827517,1.063021009803401,1.189899457874987,-0.030032695678946394,73,1.0132737549839672,1.0132737549839672,0.2553469074689138,0.35481924457826686,0.182008763767762,0.2833927737299615,0.0004256804132425234,2.655115882509788,healthy_proxy
2118.308694211159,random,2104.288526548776,1.0,7.651732696845917,101,2064.304867699634,2172.250962827517,1.0940116924292034,1.3903709880412403,-0.0441544909057967,74,0.9783302755238396,0.9783302755238396,-0.20461003313920517,0.3370949056021526,-0.1538257644461319,0.2638020863459503,0.00041631179180131515,2.637582590657064,healthy_proxy
2118.308694211159,uniform,2104.485164799394,1.0,7.6518261389101285,101,2064.304867699634,2172.250962827517,1.1835786052636774,1.490783055118585,-0.08282416520388321,73,1.0132737549839672,1.0132737549839672,0.2553469074689138,0.35481924457826686,0.182008763767762,0.2833927737299615,0.0003996639040658371,2.6298406944682995,healthy_proxy
2118.308694211159,small_gap_midpoint,2149.531244620496,0.1,7.673005071592729,101,2064.304867699634,2172.250962827517,1186.5353629677932,34.68949276922434,-3.4738989683647232,59,307.96755833168334,34.32486828310313,-0.008625274595846643,72.49510375728097,-0.0016977850588626182,307.96755833168334,1.4410391452574327e-05,1.294022986582306,healthy_proxy
2118.308694211159,small_gap_midpoint,2149.531244620496,0.2,7.673005071592729,101,2064.304867699634,2172.250962827517,1212.088307100251,35.79721924372996,-3.4843553935508838,59,307.96755833168334,34.32486828310313,-0.008625274595846643,72.49510375728097,-0.0016977850588626182,307.96755833168334,1.4256787423073579e-05,1.27982286131455,healthy_proxy
2118.308694211159,small_gap_midpoint,2141.329699299744,0.5,7.669182269867887,101,2064.304867699634,2172.250962827517,1414.5963860208662,44.23678810004148,-3.5610465025723257,66,303.1877567624764,34.34816177870379,0.17501657103146825,71.69955716534449,0.0838366611930779,303.1877567624764,1.3307484310859476e-05,1.1912381655359618,healthy_proxy
2118.308694211159,small_gap_midpoint,2141.329699299744,1.0,7.669182269867887,101,2064.304867699634,2172.250962827517,2646.856432956127,86.50851572141097,-3.8685888937045694,66,303.1877567624764,34.34816177870379,0.17501657103146825,71.69955716534449,0.0838366611930779,303.1877567624764,9.353848602226871e-06,0.7519555877240144,healthy_proxy
2118.308694211159,zero_ordinate,2083.779992550168,1.0,7.641938827506789,101,2064.304867699634,2172.250962827517,7428101.436696548,7133.460789779594,-7.7794951933812015,55,41129327.27918793,-7133.460789778233,-7.361220788674193,342755.29881976044,-15.165286775052099,-41129327.27918793,1.750163809904002e-08,31.340428486672305,healthy_proxy
2118.308694211159,zero_ordinate,2083.779992550168,0.5,7.641938827506789,101,2064.304867699634,2172.250962827517,13220012.194831448,7133.460789779594,-8.062956495205574,55,41129327.27918793,-7133.460789778233,-7.361220788674193,342755.29881976044,-15.165286775052099,-41129327.27918793,6.326616495053569e-08,34.959911279462816,healthy_proxy
2118.308694211159,zero_ordinate,2083.779992550168,0.2,7.641938827506789,101,2064.304867699634,2172.250962827517,30312430.427009057,7133.460789779594,-8.47100388198448,55,41129327.27918793,-7133.460789778233,-7.361220788674193,342755.29881976044,-15.165286775052099,-41129327.27918793,8.226005383091456e-08,32.43130981142828,healthy_proxy
2118.308694211159,zero_ordinate,2083.779992550168,0.1,7.641938827506789,101,2064.304867699634,2172.250962827517,43711268.055423684,7133.460789779594,-8.650999359891573,55,41129327.27918793,-7133.460789778233,-7.361220788674193,342755.29881976044,-15.165286775052099,-41129327.27918793,7.098735856142309e-08,43.48542971709205,healthy_proxy
3088.1447144122826,gram_point,3099.914513970652,0.1,8.03912981395451,109,3033.218123972953,3142.979456728039,0.25419299987241534,0.504554556702381,0.657126018582575,78,0.5040082518801842,0.5040082518801842,0.0004449617634649076,0.10034986662269833,-0.0007814318179862975,0.04549943006007246,0.0008961321151056504,2.8051155316592946,healthy_proxy
3088.1447144122826,gap_midpoint,3099.918731467696,0.1,8.039131174474019,109,3033.218123972953,3142.979456728039,0.2542663386665086,0.5049677111644347,0.6569875630479257,78,0.5040809304241582,0.5040809304241582,0.0038471696986658076,0.10034946959925209,0.0007609116452215142,0.045485945183468976,0.0008960011952954685,2.8051435881889586,healthy_proxy
3088.1447144122826,large_gap_midpoint,3099.918731467696,0.1,8.039131174474019,109,3033.218123972953,3142.979456728039,0.2542663386665086,0.5049677111644347,0.6569875630479257,78,0.5040809304241582,0.5040809304241582,0.0038471696986658076,0.10034946959925209,0.0007609116452215142,0.045485945183468976,0.0008960011952954685,2.8051435881889586,healthy_proxy
3088.1447144122826,gram_point,3099.914513970652,0.2,8.03912981395451,109,3033.218123972953,3142.979456728039,0.25470011053959124,0.5061062336037254,0.6561698339879979,78,0.5040082518801842,0.5040082518801842,0.0004449617634649076,0.10034986662269833,-0.0007814318179862975,0.04549943006007246,0.0008952471672022449,2.804873493905465,healthy_proxy
3088.1447144122826,gap_midpoint,3099.918731467696,0.2,8.039131174474019,109,3033.218123972953,3142.979456728039,0.2547736665459205,0.5068614047270764,0.6560312450119811,78,0.5040809304241582,0.5040809304241582,0.0038471696986658076,0.10034946959925209,0.0007609116452215142,0.045485945183468976,0.0008951159946807258,2.8049016538441554,healthy_proxy
3088.1447144122826,large_gap_midpoint,3099.918731467696,0.2,8.039131174474019,109,3033.218123972953,3142.979456728039,0.2547736665459205,0.5068614047270764,0.6560312450119811,78,0.5040809304241582,0.5040809304241582,0.0038471696986658076,0.10034946959925209,0.0007609116452215142,0.045485945183468976,0.0008951159946807258,2.8049016538441554,healthy_proxy
3088.1447144122826,gram_point,3099.914513970652,0.5,8.03912981395451,109,3033.218123972953,3142.979456728039,0.2582950505569167,0.5168772114110105,0.649445474655916,78,0.5040082518801842,0.5040082518801842,0.0004449617634649076,0.10034986662269833,-0.0007814318179862975,0.04549943006007246,0.0008890287940434342,2.8031608088133573,healthy_proxy
3088.1447144122826,gap_midpoint,3099.918731467696,0.5,8.039131174474019,109,3033.218123972953,3142.979456728039,0.25837013537337833,0.5186833668683356,0.6493059751998587,78,0.5040809304241582,0.5040809304241582,0.0038471696986658076,0.10034946959925209,0.0007609116452215142,0.045485945183468976,0.0008888959141571073,2.80318971564581,healthy_proxy
3088.1447144122826,large_gap_midpoint,3099.918731467696,0.5,8.039131174474019,109,3033.218123972953,3142.979456728039,0.25837013537337833,0.5186833668683356,0.6493059751998587,78,0.5040809304241582,0.5040809304241582,0.0038471696986658076,0.10034946959925209,0.0007609116452215142,0.045485945183468976,0.0008888959141571073,2.80318971564581,healthy_proxy
3088.1447144122826,gram_point,3099.914513970652,1.0,8.03912981395451,109,3033.218123972953,3142.979456728039,0.27180492176631993,0.5564368495412817,0.6249856745238026,78,0.5040082518801842,0.5040082518801842,0.0004449617634649076,0.10034986662269833,-0.0007814318179862975,0.04549943006007246,0.0008665002070916767,2.7967783514521543,healthy_proxy
3088.1447144122826,gap_midpoint,3099.918731467696,1.0,8.039131174474019,109,3033.218123972953,3142.979456728039,0.27188557968895205,0.5601786078634935,0.6248432727267419,78,0.5040809304241582,0.5040809304241582,0.0038471696986658076,0.10034946959925209,0.0007609116452215142,0.045485945183468976,0.0008663621146703499,2.7968102682232674,healthy_proxy
3088.1447144122826,large_gap_midpoint,3099.918731467696,1.0,8.039131174474019,109,3033.218123972953,3142.979456728039,0.27188557968895205,0.5601786078634935,0.6248432727267419,78,0.5040809304241582,0.5040809304241582,0.0038471696986658076,0.10034946959925209,0.0007609116452215142,0.045485945183468976,0.0008663621146703499,2.7968102682232674,healthy_proxy
3088.1447144122826,random,3100.088423440837,0.1,8.039185913757038,109,3033.218123972953,3142.979456728039,0.3724107772089697,0.6269186505443372,0.4738975236816958,78,0.6099334741797815,0.6099334741797815,0.16224042346755282,0.1494765889500071,0.08030008865916825,0.08678003409177558,0.0007415079981748425,2.761348431769475,healthy_proxy
3088.1447144122826,random,3100.088423440837,0.2,8.039185913757038,109,3033.218123972953,3142.979456728039,0.3735900308339384,0.6454841433467781,0.472380709943605,78,0.6099334741797815,0.6099334741797815,0.16224042346755282,0.1494765889500071,0.08030008865916825,0.08678003409177558,0.000740085647616212,2.760795263526136,healthy_proxy
3088.1447144122826,random,3100.088423440837,0.5,8.039185913757038,109,3033.218123972953,3142.979456728039,0.38199168668586875,0.7116580733463105,0.46171068789589587,78,0.6099334741797815,0.6099334741797815,0.16224042346755282,0.1494765889500071,0.08030008865916825,0.08678003409177558,0.0007301390632982648,2.7568806189332444,healthy_proxy
3088.1447144122826,random,3100.088423440837,1.0,8.039185913757038,109,3033.218123972953,3142.979456728039,0.41421099173309095,0.86466226929613,0.4228604460160573,78,0.6099334741797815,0.6099334741797815,0.16224042346755282,0.1494765889500071,0.08030008865916825,0.08678003409177558,0.0006948018328359624,2.7422917837502756,healthy_proxy
3088.1447144122826,uniform,3100.2035379416943,0.1,8.039223045718431,109,3033.218123972953,3142.979456728039,0.7031456498657533,0.8741673857536152,0.16897075445138843,79,0.8378381629379111,0.8378381629379111,0.34923883479142076,0.2739670245240494,0.20761335807580117,0.21181859732323413,0.0005415442201540328,2.6843195370893564,healthy_proxy
3088.1447144122826,uniform,3100.2035379416943,0.2,8.039223045718431,109,3033.218123972953,3142.979456728039,0.7066781398443982,0.9134568444229547,0.1665665022632328,79,0.8378381629379111,0.8378381629379111,0.34923883479142076,0.2739670245240494,0.20761335807580117,0.21181859732323413,0.000539733538998366,2.6832184065927227,healthy_proxy
3088.1447144122826,uniform,3100.2035379416943,0.5,8.039223045718431,109,3033.218123972953,3142.979456728039,0.731999749921737,1.0516467356329362,0.1496762705934484,79,0.8378381629379111,0.8378381629379111,0.34923883479142076,0.2739670245240494,0.20761335807580117,0.21181859732323413,0.0005271777138767653,2.6754479235195827,healthy_proxy
3088.1447144122826,uniform,3100.2035379416943,1.0,8.039223045718431,109,3033.218123972953,3142.979456728039,0.8315381151190182,1.3698910093273684,0.0885070628163534,79,0.8378381629379111,0.8378381629379111,0.34923883479142076,0.2739670245240494,0.20761335807580117,0.21181859732323413,0.0004840436370496347,2.6468099414102055,healthy_proxy
3088.1447144122826,small_gap_midpoint,3066.695785322636,0.1,8.028355969537845,109,3033.218123972953,3142.979456728039,1202.7116761057177,34.910083998474605,-3.4048981730053205,73,273.2264240872468,34.56597328413733,0.01626634304494584,68.26846781051752,0.0048657401746993135,273.2264240872468,1.3310288969212182e-05,1.383553352238107,healthy_proxy
3088.1447144122826,small_gap_midpoint,3066.695785322636,0.2,8.028355969537845,109,3033.218123972953,3142.979456728039,1226.9039441553805,35.95297741014862,-3.41445906278845,73,273.2264240872468,34.56597328413733,0.01626634304494584,68.26846781051752,0.0048657401746993135,273.2264240872468,1.3177679204101703e-05,1.3705697193848023,healthy_proxy
3088.1447144122826,small_gap_midpoint,3066.695785322636,0.5,8.028355969537845,109,3033.218123972953,3142.979456728039,1418.1279209138793,43.85975691850038,-3.4839958680559766,73,273.2264240872468,34.56597328413733,0.01626634304494584,68.26846781051752,0.0048657401746993135,273.2264240872468,1.222639011480028e-05,1.2740415303921813,healthy_proxy
3088.1447144122826,small_gap_midpoint,3066.695785322636,1.0,8.028355969537845,109,3033.218123972953,3142.979456728039,2553.7553091016575,83.0638797380575,-3.7663929023639797,73,273.2264240872468,34.56597328413733,0.01626634304494584,68.26846781051752,0.0048657401746993135,273.2264240872468,8.793102672274174e-06,0.8687605345183951,healthy_proxy
3088.1447144122826,zero_ordinate,3053.348265936952,1.0,8.023994059578811,109,3033.218123972953,3142.979456728039,9953785.5308792,8265.19533409739,-7.737794146323256,60,47611626.66282966,-8265.195334095819,-0.35247963223744383,396764.9541966918,-0.21501675522548785,-47611626.66282966,1.4484012273312298e-08,31.34088103944074,healthy_proxy
3088.1447144122826,zero_ordinate,3056.242923309731,0.5,8.024941637739023,109,3033.218123972953,3142.979456728039,17740732.84577297,8263.856504095627,-8.014856117532721,62,47628485.08682835,-8263.856504094045,4.422257821344836,396910.48746619746,7.158136127545751,-47628485.08682835,6.035751384106159e-08,34.93461937838543,healthy_proxy
3088.1447144122826,zero_ordinate,3094.833068430116,0.2,8.037489247777227,109,3033.218123972953,3142.979456728039,40626116.67654751,8267.023834023548,-8.40640125870079,80,47851568.09734783,-8267.02383402196,62.802257309948345,398889.6152260493,268.7256739965722,-47851568.09734783,6.152057563930986e-08,32.74297137487636,healthy_proxy
3088.1447144122826,zero_ordinate,3056.242923309731,0.1,8.024941637739023,109,3033.218123972953,3142.979456728039,58665797.43268753,8263.856504095627,-8.589147768897332,62,47628485.08682835,-8263.856504094045,4.422257821344836,396910.48746619746,7.158136127545751,-47628485.08682835,6.763061740116253e-08,43.45125512566644,healthy_proxy
3105.6383747282825,gram_point,3099.914513970652,0.1,8.03912981395451,109,3050.801233315721,3159.804097579087,0.25419299987241534,0.504554556702381,0.657126018582575,78,0.5040082518801842,0.5040082518801842,0.0004449617634649076,0.10034986662269833,-0.0007814318179862975,0.04549943006007246,0.0008961321151056504,2.8051155316592946,healthy_proxy
3105.6383747282825,gap_midpoint,3099.918731467696,0.1,8.039131174474019,109,3050.801233315721,3159.804097579087,0.2542663386665086,0.5049677111644347,0.6569875630479257,78,0.5040809304241582,0.5040809304241582,0.0038471696986658076,0.10034946959925209,0.0007609116452215142,0.045485945183468976,0.0008960011952954685,2.8051435881889586,healthy_proxy
3105.6383747282825,large_gap_midpoint,3099.918731467696,0.1,8.039131174474019,109,3050.801233315721,3159.804097579087,0.2542663386665086,0.5049677111644347,0.6569875630479257,78,0.5040809304241582,0.5040809304241582,0.0038471696986658076,0.10034946959925209,0.0007609116452215142,0.045485945183468976,0.0008960011952954685,2.8051435881889586,healthy_proxy
3105.6383747282825,gram_point,3099.914513970652,0.2,8.03912981395451,109,3050.801233315721,3159.804097579087,0.25470011053959124,0.5061062336037254,0.6561698339879979,78,0.5040082518801842,0.5040082518801842,0.0004449617634649076,0.10034986662269833,-0.0007814318179862975,0.04549943006007246,0.0008952471672022449,2.804873493905465,healthy_proxy
3105.6383747282825,gap_midpoint,3099.918731467696,0.2,8.039131174474019,109,3050.801233315721,3159.804097579087,0.2547736665459205,0.5068614047270764,0.6560312450119811,78,0.5040809304241582,0.5040809304241582,0.0038471696986658076,0.10034946959925209,0.0007609116452215142,0.045485945183468976,0.0008951159946807258,2.8049016538441554,healthy_proxy
3105.6383747282825,large_gap_midpoint,3099.918731467696,0.2,8.039131174474019,109,3050.801233315721,3159.804097579087,0.2547736665459205,0.5068614047270764,0.6560312450119811,78,0.5040809304241582,0.5040809304241582,0.0038471696986658076,0.10034946959925209,0.0007609116452215142,0.045485945183468976,0.0008951159946807258,2.8049016538441554,healthy_proxy
3105.6383747282825,gram_point,3099.914513970652,0.5,8.03912981395451,109,3050.801233315721,3159.804097579087,0.2582950505569167,0.5168772114110105,0.649445474655916,78,0.5040082518801842,0.5040082518801842,0.0004449617634649076,0.10034986662269833,-0.0007814318179862975,0.04549943006007246,0.0008890287940434342,2.8031608088133573,healthy_proxy
3105.6383747282825,gap_midpoint,3099.918731467696,0.5,8.039131174474019,109,3050.801233315721,3159.804097579087,0.25837013537337833,0.5186833668683356,0.6493059751998587,78,0.5040809304241582,0.5040809304241582,0.0038471696986658076,0.10034946959925209,0.0007609116452215142,0.045485945183468976,0.0008888959141571073,2.80318971564581,healthy_proxy
3105.6383747282825,large_gap_midpoint,3099.918731467696,0.5,8.039131174474019,109,3050.801233315721,3159.804097579087,0.25837013537337833,0.5186833668683356,0.6493059751998587,78,0.5040809304241582,0.5040809304241582,0.0038471696986658076,0.10034946959925209,0.0007609116452215142,0.045485945183468976,0.0008888959141571073,2.80318971564581,healthy_proxy
3105.6383747282825,gram_point,3099.914513970652,1.0,8.03912981395451,109,3050.801233315721,3159.804097579087,0.27180492176631993,0.5564368495412817,0.6249856745238026,78,0.5040082518801842,0.5040082518801842,0.0004449617634649076,0.10034986662269833,-0.0007814318179862975,0.04549943006007246,0.0008665002070916767,2.7967783514521543,healthy_proxy
3105.6383747282825,gap_midpoint,3099.918731467696,1.0,8.039131174474019,109,3050.801233315721,3159.804097579087,0.27188557968895205,0.5601786078634935,0.6248432727267419,78,0.5040809304241582,0.5040809304241582,0.0038471696986658076,0.10034946959925209,0.0007609116452215142,0.045485945183468976,0.0008663621146703499,2.7968102682232674,healthy_proxy
3105.6383747282825,large_gap_midpoint,3099.918731467696,1.0,8.039131174474019,109,3050.801233315721,3159.804097579087,0.27188557968895205,0.5601786078634935,0.6248432727267419,78,0.5040809304241582,0.5040809304241582,0.0038471696986658076,0.10034946959925209,0.0007609116452215142,0.045485945183468976,0.0008663621146703499,2.7968102682232674,healthy_proxy
3105.6383747282825,uniform,3100.050139434165,0.1,8.03917356435346,109,3050.801233315721,3159.804097579087,0.3214639509075474,0.5793381857913915,0.5444780293105441,78,0.5667214401112758,0.5667214401112758,0.11964248461393964,0.12855502244592895,0.056596160938241935,0.06847405017768052,0.0007976048420707498,2.7786591974863284,healthy_proxy
3105.6383747282825,uniform,3100.050139434165,0.2,8.03917356435346,109,3050.801233315721,3159.804097579087,0.3223385466607276,0.5933011985003314,0.543174504613148,78,0.5667214401112758,0.5667214401112758,0.11964248461393964,0.12855502244592895,0.056596160938241935,0.06847405017768052,0.0007963542209733954,2.7782273609726857,healthy_proxy
3105.6383747282825,uniform,3100.050139434165,0.5,8.03917356435346,109,3050.801233315721,3159.804097579087,0.32855914466417163,0.6439835592615242,0.5340039222025559,78,0.5667214401112758,0.5667214401112758,0.11964248461393964,0.12855502244592895,0.056596160938241935,0.06847405017768052,0.0007875912788048231,2.775169908848221,healthy_proxy
3105.6383747282825,uniform,3100.050139434165,1.0,8.03917356435346,109,3050.801233315721,3159.804097579087,0.3522519526254029,0.7634359876977559,0.5005975269946189,78,0.5667214401112758,0.5667214401112758,0.11964248461393964,0.12855502244592895,0.056596160938241935,0.06847405017768052,0.0007562097183989708,2.7637529020323344,healthy_proxy
3105.6383747282825,random,3100.2264802121185,0.1,8.039230445937564,109,3050.801233315721,3159.804097579087,0.8243992846298387,0.949114548735377,0.09264367262305832,79,0.9071378288761032,0.9071378288761032,0.4035323116947617,0.31611396408619596,0.25088343891849557,0.2592786554421929,0.0005005112921717441,2.6643286500129326,healthy_proxy
3105.6383747282825,random,3100.2264802121185,0.2,8.039230445937564,109,3050.801233315721,3159.804097579087,0.828918885733375,0.9945191731020347,0.09002061661048046,79,0.9071378288761032,0.9071378288761032,0.4035323116947617,0.31611396408619596,0.25088343891849557,0.2592786554421929,0.0004986652701570228,2.6630785252870837,healthy_proxy
3105.6383747282825,random,3100.2264802121185,0.5,8.039230445937564,109,3050.801233315721,3159.804097579087,0.8613633478950485,1.1544045684838131,0.07160028207660889,79,0.9071378288761032,0.9071378288761032,0.4035323116947617,0.31611396408619596,0.25088343891849557,0.2592786554421929,0.00048589015775400636,2.654262277939061,healthy_proxy
3105.6383747282825,random,3100.2264802121185,1.0,8.039230445937564,109,3050.801233315721,3159.804097579087,0.9896549716872332,1.524408084132534,0.004989081991685824,79,0.9071378288761032,0.9071378288761032,0.4035323116947617,0.31611396408619596,0.25088343891849557,0.2592786554421929,0.0004423485381396019,2.6218487822216003,healthy_proxy
3105.6383747282825,small_gap_midpoint,3098.398222410889,0.1,8.038640554488426,109,3050.801233315721,3159.804097579087,1666.9193377380193,41.13161451305449,-3.559408400181275,79,370.722282130058,40.68337470412269,-0.14585371463041588,86.41929625904682,-0.05807942572728454,370.722282130058,1.125086418326539e-05,1.2867500149811169,healthy_proxy
3105.6383747282825,small_gap_midpoint,3098.398222410889,0.2,8.038640554488426,109,3050.801233315721,3159.804097579087,1703.0303102043642,42.465955158715516,-3.5696911791511354,79,370.722282130058,40.68337470412269,-0.14585371463041588,86.41929625904682,-0.05807942572728454,370.722282130058,1.1130214782601164e-05,1.2723140138829492,healthy_proxy
3105.6383747282825,small_gap_midpoint,3098.398222410889,0.5,8.038640554488426,109,3050.801233315721,3159.804097579087,1991.0879103955674,52.5840352936836,-3.6446683794904167,79,370.722282130058,40.68337470412269,-0.14585371463041588,86.41929625904682,-0.05807942572728454,370.722282130058,1.0263825285731344e-05,1.1648695009524683,healthy_proxy
3105.6383747282825,small_gap_midpoint,3098.398222410889,1.0,8.038640554488426,109,3050.801233315721,3159.804097579087,3770.7052362667323,103.82428261920802,-3.951050921162514,79,370.722282130058,40.68337470412269,-0.14585371463041588,86.41929625904682,-0.05807942572728454,370.722282130058,7.1620918775561835e-06,0.7172139941056225,healthy_proxy
3105.6383747282825,zero_ordinate,3072.000993377916,1.0,8.030084417632718,109,3050.801233315721,3159.804097579087,9999397.217565024,8284.457750109153,-7.737170575061167,61,47720123.441660285,-8284.457750107567,0.04919696514273775,397668.88550411444,0.019557706972542506,-47720123.441660285,1.688393427380881e-08,31.34025043864912,healthy_proxy
3105.6383747282825,zero_ordinate,3094.833068430116,0.5,8.037489247777227,109,3050.801233315721,3159.804097579087,17771819.374036103,8267.023834023548,-8.009687828193561,80,47851568.09734783,-8267.02383402196,62.802257309948345,398889.6152260493,268.7256739965722,-47851568.09734783,4.6570984910376085e-08,35.20722928315207,healthy_proxy
3105.6383747282825,zero_ordinate,3094.833068430116,0.2,8.037489247777227,109,3050.801233315721,3159.804097579087,40626116.67654751,8267.023834023548,-8.40640125870079,80,47851568.09734783,-8267.02383402196,62.802257309948345,398889.6152260493,268.7256739965722,-47851568.09734783,6.152057563930986e-08,32.74297137487636,healthy_proxy
3105.6383747282825,zero_ordinate,3094.833068430116,0.1,8.037489247777227,109,3050.801233315721,3159.804097579087,58669476.89565547,8267.023834023548,-8.582739018492813,80,47851568.09734783,-8267.02383402196,62.802257309948345,398889.6152260493,268.7256739965722,-47851568.09734783,5.307278594229803e-08,43.83326765034878,healthy_proxy
3141.396116418475,gap_midpoint,3162.3571973828593,0.1,8.059072977038507,109,3087.018815358645,3195.793895633893,1.1266143862626397,1.067087339895037,-0.0571291454566884,74,1.0608834739496056,1.0608834739496056,-0.04599276407045935,0.3203029913655189,-0.01310376477499511,0.21352375387171196,0.0004373914291590885,2.707602630921202,healthy_proxy
3141.396116418475,large_gap_midpoint,3162.3571973828593,0.1,8.059072977038507,109,3087.018815358645,3195.793895633893,1.1266143862626397,1.067087339895037,-0.0571291454566884,74,1.0608834739496056,1.0608834739496056,-0.04599276407045935,0.3203029913655189,-0.01310376477499511,0.21352375387171196,0.0004373914291590885,2.707602630921202,healthy_proxy
3141.396116418475,gap_midpoint,3162.3571973828593,0.2,8.059072977038507,109,3087.018815358645,3195.793895633893,1.1300470748448521,1.07651983381541,-0.05858701210555016,74,1.0608834739496056,1.0608834739496056,-0.04599276407045935,0.3203029913655189,-0.01310376477499511,0.21352375387171196,0.00043672679212697314,2.707088166462134,healthy_proxy
3141.396116418475,large_gap_midpoint,3162.3571973828593,0.2,8.059072977038507,109,3087.018815358645,3195.793895633893,1.1300470748448521,1.07651983381541,-0.05858701210555016,74,1.0608834739496056,1.0608834739496056,-0.04599276407045935,0.3203029913655189,-0.01310376477499511,0.21352375387171196,0.00043672679212697314,2.707088166462134,healthy_proxy
3141.396116418475,gap_midpoint,3162.3571973828593,0.5,8.059072977038507,109,3087.018815358645,3195.793895633893,1.1545346081053416,1.124753988051274,-0.06886018160438076,74,1.0608834739496056,1.0608834739496056,-0.04599276407045935,0.3203029913655189,-0.01310376477499511,0.21352375387171196,0.0004320503430824702,2.703430820994629,healthy_proxy
3141.396116418475,large_gap_midpoint,3162.3571973828593,0.5,8.059072977038507,109,3087.018815358645,3195.793895633893,1.1545346081053416,1.124753988051274,-0.06886018160438076,74,1.0608834739496056,1.0608834739496056,-0.04599276407045935,0.3203029913655189,-0.01310376477499511,0.21352375387171196,0.0004320503430824702,2.703430820994629,healthy_proxy
3141.396116418475,gap_midpoint,3162.3571973828593,1.0,8.059072977038507,109,3087.018815358645,3195.793895633893,1.2489315142702808,1.2785216272125155,-0.10652125420811,74,1.0608834739496056,1.0608834739496056,-0.04599276407045935,0.3203029913655189,-0.01310376477499511,0.21352375387171196,0.00041503988419768444,2.689560049431763,healthy_proxy
3141.396116418475,large_gap_midpoint,3162.3571973828593,1.0,8.059072977038507,109,3087.018815358645,3195.793895633893,1.2489315142702808,1.2785216272125155,-0.10652125420811,74,1.0608834739496056,1.0608834739496056,-0.04599276407045935,0.3203029913655189,-0.01310376477499511,0.21352375387171196,0.00041503988419768444,2.689560049431763,healthy_proxy
3141.396116418475,uniform,3162.2784693596514,0.1,8.059048081367875,109,3087.018815358645,3195.793895633893,1.339315904809533,1.1845835300119394,-0.14000364311489272,74,1.156566736578556,1.156566736578556,-0.2612079899130887,0.3736059992800305,-0.1609165217569933,0.2709935717844089,0.0004024059894990725,2.6878815066617565,healthy_proxy
3141.396116418475,uniform,3162.2784693596514,0.2,8.059048081367875,109,3087.018815358645,3195.793895633893,1.344341836469848,1.2165136006417463,-0.14179854235912207,74,1.156566736578556,1.156566736578556,-0.2612079899130887,0.3736059992800305,-0.1609165217569933,0.2709935717844089,0.0004015587694696764,2.6871410436276157,healthy_proxy
3141.396116418475,uniform,3162.2784693596514,0.5,8.059048081367875,109,3087.018815358645,3195.793895633893,1.3802946602271522,1.3379858771551036,-0.15444589884267765,74,1.156566736578556,1.156566736578556,-0.2612079899130887,0.3736059992800305,-0.1609165217569933,0.2709935717844089,0.000395619789691477,2.6818776532961626,healthy_proxy
3141.396116418475,uniform,3162.2784693596514,1.0,8.059048081367875,109,3087.018815358645,3195.793895633893,1.5204650866407443,1.644798365454614,-0.20079412527669407,74,1.156566736578556,1.156566736578556,-0.2612079899130887,0.3736059992800305,-0.1609165217569933,0.2709935717844089,0.00037433769192440246,2.6619288208668617,healthy_proxy
3141.396116418475,gram_point,3145.455383870023,0.1,8.053713954795683,109,3087.018815358645,3195.793895633893,1.6490168493201374,1.3101343173991369,-0.23976380149179669,79,1.2832516797639257,1.2832516797639257,0.24415564377211565,0.48646516633267084,0.19810828330255048,0.4093547082514448,0.0003517088888199591,2.635836737066959,healthy_proxy
3141.396116418475,gram_point,3145.455383870023,0.2,8.053713954795683,109,3087.018815358645,3195.793895633893,1.6558914607107345,1.3421043339473135,-0.24175804090466504,79,1.2832516797639257,1.2832516797639257,0.24415564377211565,0.48646516633267084,0.19810828330255048,0.4093547082514448,0.0003509171308962726,2.6348915324780275,healthy_proxy
3141.396116418475,gram_point,3145.455383870023,0.5,8.053713954795683,109,3087.018815358645,3195.793895633893,1.7052416683225327,1.471416534045999,-0.2558354396169045,79,1.2832516797639257,1.2832516797639257,0.24415564377211565,0.48646516633267084,0.19810828330255048,0.4093547082514448,0.0003453515318013889,2.628151925579406,healthy_proxy
3141.396116418475,gram_point,3145.455383870023,1.0,8.053713954795683,109,3087.018815358645,3195.793895633893,1.9004297632490637,1.8239922131951838,-0.3077847602823059,79,1.2832516797639257,1.2832516797639257,0.24415564377211565,0.48646516633267084,0.19810828330255048,0.4093547082514448,0.0003252102717182787,2.602313499539241,healthy_proxy
3141.396116418475,random,3115.8528717700437,0.1,8.044258188857281,109,3087.018815358645,3195.793895633893,2.485828940015793,1.583408577560923,-0.43675025257887823,68,1.5756697471612278,1.5756697471612278,-0.047959252253590046,0.5870015645764826,-0.03519424779313375,0.4863741665086061,0.00029192739887637565,2.641933369320493,healthy_proxy
3141.396116418475,random,3115.8528717700437,0.2,8.044258188857281,109,3087.018815358645,3195.793895633893,2.495146571144834,1.5970811737994959,-0.43854467290419263,68,1.5756697471612278,1.5756697471612278,-0.047959252253590046,0.5870015645764826,-0.03519424779313375,0.4863741665086061,0.00029138283350660615,2.641148814418615,healthy_proxy
3141.396116418475,random,3115.8528717700437,0.5,8.044258188857281,109,3087.018815358645,3195.793895633893,2.5619207586671306,1.675052777544548,-0.45121149539447397,68,1.5756697471612278,1.5756697471612278,-0.047959252253590046,0.5870015645764826,-0.03519424779313375,0.4863741665086061,0.000287545339828929,2.6355515234317237,healthy_proxy
3141.396116418475,random,3115.8528717700437,1.0,8.044258188857281,109,3087.018815358645,3195.793895633893,2.824205951856427,1.9447086702384941,-0.4979606126475797,68,1.5756697471612278,1.5756697471612278,-0.047959252253590046,0.5870015645764826,-0.03519424779313375,0.4863741665086061,0.00027351781692651995,2.614039338826936,healthy_proxy
3141.396116418475,small_gap_midpoint,3175.1720543600413,0.1,8.063117100208167,109,3087.018815358645,3195.793895633893,1761.919613204493,42.28205498082069,-3.5807782300940834,61,390.40178817711507,41.82457421675516,0.05523906745351701,90.06480364553636,0.014054361320027395,390.40178817711507,1.0873155416104762e-05,1.2678482875635906,healthy_proxy
3141.396116418475,small_gap_midpoint,3175.1720543600413,0.2,8.063117100208167,109,3087.018815358645,3195.793895633893,1800.6222121247195,43.663209577066674,-3.5911880285394115,61,390.40178817711507,41.82457421675516,0.05523906745351701,90.06480364553636,0.014054361320027395,390.40178817711507,1.0754945910066914e-05,1.2531988567779677,healthy_proxy
3141.396116418475,small_gap_midpoint,3175.1720543600413,0.5,8.063117100208167,109,3087.018815358645,3195.793895633893,2109.858697400156,54.189637052537314,-3.667118025188337,61,390.40178817711507,41.82457421675516,0.05523906745351701,90.06480364553636,0.014054361320027395,390.40178817711507,9.906034197132718e-06,1.1441538717618003,healthy_proxy
3141.396116418475,small_gap_midpoint,3175.1720543600413,1.0,8.063117100208167,109,3087.018815358645,3195.793895633893,4033.471509605529,107.78774642532652,-3.977569985532542,61,390.40178817711507,41.82457421675516,0.05523906745351701,90.06480364553636,0.014054361320027395,390.40178817711507,6.87353330419623e-06,0.6906830616480678,healthy_proxy
3141.396116418475,zero_ordinate,3106.396352646056,1.0,8.041218604275015,109,3087.018815358645,3195.793895633893,10082675.46209171,8318.58741594954,-7.736006419423171,59,47918898.95354097,-8318.587415947946,-0.05637045058610058,399325.4808128239,-0.03366178375928109,-47918898.95354097,1.4480394215825879e-08,31.34088649561696,healthy_proxy
3141.396116418475,zero_ordinate,3120.986214975677,0.5,8.04590432539966,109,3087.018815358645,3195.793895633893,17951862.105064508,8311.255142495374,-8.010502269609832,73,48002495.6010113,-8311.255142493786,29.640112263071483,400073.37337655254,97.41943677480053,-48002495.6010113,5.320567022926693e-08,35.07066224997114,healthy_proxy
3141.396116418475,zero_ordinate,3120.986214975677,0.2,8.04590432539966,109,3087.018815358645,3195.793895633893,41111062.8885703,8311.255142495374,-8.40787328319533,73,48002495.6010113,-8311.255142493786,29.640112263071483,400073.37337655254,97.41943677480053,-48002495.6010113,6.963895069042726e-08,32.56762724709238,healthy_proxy
3141.396116418475,zero_ordinate,3120.986214975677,0.1,8.04590432539966,109,3087.018815358645,3195.793895633893,59320567.02653701,8311.255142495374,-8.583724662001087,73,48002495.6010113,-8311.255142493786,29.640112263071483,400073.37337655254,97.41943677480053,-48002495.6010113,6.008737345001054e-08,43.63809212060251,healthy_proxy
3486.574189170793,gap_midpoint,3516.9641298691477,0.1,8.165353433351498,111,3432.026366531869,3541.357522375371,0.470747582907924,0.6880421801755052,0.3587948196360853,65,0.6858418024686262,0.6858418024686262,-0.013952846538128671,0.16084963831991358,-0.002948255745557934,0.08479026500109935,0.0006932149259953855,2.771282085021042,healthy_proxy
3486.574189170793,large_gap_midpoint,3516.9641298691477,0.1,8.165353433351498,111,3432.026366531869,3541.357522375371,0.470747582907924,0.6880421801755052,0.3587948196360853,65,0.6858418024686262,0.6858418024686262,-0.013952846538128671,0.16084963831991358,-0.002948255745557934,0.08479026500109935,0.0006932149259953855,2.771282085021042,healthy_proxy
3486.574189170793,gap_midpoint,3516.9641298691477,0.2,8.165353433351498,111,3432.026366531869,3541.357522375371,0.4718561225525519,0.691858958020614,0.3576747277104247,65,0.6858418024686262,0.6858418024686262,-0.013952846538128671,0.16084963831991358,-0.002948255745557934,0.08479026500109935,0.000692405022109055,2.77095663518709,healthy_proxy
3486.574189170793,large_gap_midpoint,3516.9641298691477,0.2,8.165353433351498,111,3432.026366531869,3541.357522375371,0.4718561225525519,0.691858958020614,0.3576747277104247,65,0.6858418024686262,0.6858418024686262,-0.013952846538128671,0.16084963831991358,-0.002948255745557934,0.08479026500109935,0.000692405022109055,2.77095663518709,healthy_proxy
3486.574189170793,random,3516.9572352877303,0.1,8.16535147297092,111,3432.026366531869,3541.357522375371,0.47217850837911823,0.6899914066986554,0.3573495169901848,65,0.6868824782331522,0.6868824782331522,-0.023015354470998388,0.16115015593373858,-0.0077256501862987435,0.08497513337847414,0.0006922555008401233,2.771203514943683,healthy_proxy
3486.574189170793,random,3516.9572352877303,0.2,8.16535147297092,111,3432.026366531869,3541.357522375371,0.4732941628768698,0.694724539797472,0.3562256565835958,65,0.6868824782331522,0.6868824782331522,-0.023015354470998388,0.16115015593373858,-0.0077256501862987435,0.08497513337847414,0.0006914417665340643,2.7708766953939175,healthy_proxy
3486.574189170793,gap_midpoint,3516.9641298691477,0.5,8.165353433351498,111,3432.026366531869,3541.357522375371,0.47973165389572026,0.713208652100904,0.349792076594254,65,0.6858418024686262,0.6858418024686262,-0.013952846538128671,0.16084963831991358,-0.002948255745557934,0.08479026500109935,0.0006867111142961869,2.76865000658326,healthy_proxy
3486.574189170793,large_gap_midpoint,3516.9641298691477,0.5,8.165353433351498,111,3432.026366531869,3541.357522375371,0.47973165389572026,0.713208652100904,0.349792076594254,65,0.6858418024686262,0.6858418024686262,-0.013952846538128671,0.16084963831991358,-0.002948255745557934,0.08479026500109935,0.0006867111142961869,2.76865000658326,healthy_proxy
3486.574189170793,random,3516.9572352877303,0.5,8.16535147297092,111,3432.026366531869,3541.357522375371,0.4812203966609126,0.7189193222137371,0.34831658088205014,65,0.6868824782331522,0.6868824782331522,-0.023015354470998388,0.16115015593373858,-0.0077256501862987435,0.08497513337847414,0.0006857213520724298,2.7685604009573472,healthy_proxy
3486.574189170793,gap_midpoint,3516.9641298691477,1.0,8.165353433351498,111,3432.026366531869,3541.357522375371,0.5095888419829788,0.7843643866454443,0.32103960511931695,65,0.6858418024686262,0.6858418024686262,-0.013952846538128671,0.16084963831991358,-0.002948255745557934,0.08479026500109935,0.0006660491059636742,2.7600012670778695,healthy_proxy
3486.574189170793,large_gap_midpoint,3516.9641298691477,1.0,8.165353433351498,111,3432.026366531869,3541.357522375371,0.5095888419829788,0.7843643866454443,0.32103960511931695,65,0.6858418024686262,0.6858418024686262,-0.013952846538128671,0.16084963831991358,-0.002948255745557934,0.08479026500109935,0.0006660491059636742,2.7600012670778695,healthy_proxy
3486.574189170793,random,3516.9572352877303,1.0,8.16535147297092,111,3432.026366531869,3541.357522375371,0.5112721679484207,0.7954600933496714,0.31946915814166443,65,0.6868824782331522,0.6868824782331522,-0.023015354470998388,0.16115015593373858,-0.0077256501862987435,0.08497513337847414,0.0006649692256549911,2.7598760633077064,healthy_proxy
3486.574189170793,gram_point,3517.074866801349,0.1,8.165384919367503,111,3432.026366531869,3541.357522375371,0.5496743255668665,0.7561297638740271,0.2849793843486082,65,0.7410303343715336,0.7410303343715336,0.14110199509623483,0.19496397158233786,0.08344574582678504,0.11887902645874177,0.0006406327063308437,2.7442522858448894,healthy_proxy
3486.574189170793,gram_point,3517.074866801349,0.2,8.165384919367503,111,3432.026366531869,3541.357522375371,0.5513244314809022,0.7732694349238091,0.2835519508005876,65,0.7410303343715336,0.7410303343715336,0.14110199509623483,0.19496397158233786,0.08344574582678504,0.11887902645874177,0.0006395617804407791,2.743712928846976,healthy_proxy
3486.574189170793,uniform,3516.868306817852,0.1,8.165326187023934,111,3432.026366531869,3541.357522375371,0.5594302991758068,0.7633190573873522,0.27660234090557223,65,0.7475844944958727,0.7475844944958727,-0.14769109658124857,0.1904580623875554,-0.07615508257878636,0.11142336794051534,0.0006373858864764583,2.752109315840709,healthy_proxy
3486.574189170793,uniform,3516.868306817852,0.2,8.165326187023934,111,3432.026366531869,3541.357522375371,0.5610782224318392,0.7810410454399769,0.27520161164217105,65,0.7475844944958727,0.7475844944958727,-0.14769109658124857,0.1904580623875554,-0.07615508257878636,0.11142336794051534,0.0006363350531871641,2.7516177830584967,healthy_proxy
3486.574189170793,gram_point,3517.074866801349,0.5,8.165384919367503,111,3432.026366531869,3541.357522375371,0.5630880753844606,0.8380247680684643,0.2734978645683327,65,0.7410303343715336,0.7410303343715336,0.14110199509623483,0.19496397158233786,0.08344574582678504,0.11887902645874177,0.000632045223423627,2.739885389425157,healthy_proxy
3486.574189170793,uniform,3516.868306817852,0.5,8.165326187023934,111,3432.026366531869,3541.357522375371,0.5728160619916344,0.8471354349552299,0.2653419233259285,65,0.7475844944958727,0.7475844944958727,-0.14769109658124857,0.1904580623875554,-0.07615508257878636,0.11142336794051534,0.0006289667113307301,2.7481326823162378,healthy_proxy
3486.574189170793,gram_point,3517.074866801349,1.0,8.165384919367503,111,3432.026366531869,3541.357522375371,0.6083179328468475,0.9993868977347138,0.23670493941020437,65,0.7410303343715336,0.7410303343715336,0.14110199509623483,0.19496397158233786,0.08344574582678504,0.11887902645874177,0.0006049589849581251,2.7254659420436753,healthy_proxy
3486.574189170793,uniform,3516.868306817852,1.0,8.165326187023934,111,3432.026366531869,3541.357522375371,0.6177856788396546,1.0086261070074811,0.22935113207719776,65,0.7475844944958727,0.7475844944958727,-0.14769109658124857,0.1904580623875554,-0.07615508257878636,0.11142336794051534,0.0006025117456191362,2.73504729455467,healthy_proxy
3486.574189170793,small_gap_midpoint,3512.1023389778593,0.1,8.163970094130525,111,3432.026366531869,3541.357522375371,1274.846935227117,35.942592096734444,-3.4054756650962426,71,276.43325735314613,35.58846981944214,-0.0453160660095476,69.68679410546306,-0.014396709954851391,276.43325735314613,1.4107174456192752e-05,1.3946382887931912,healthy_proxy
3486.574189170793,small_gap_midpoint,3512.1023389778593,0.2,8.163970094130525,111,3432.026366531869,3541.357522375371,1300.2668354712039,37.009877458414635,-3.4148784813572304,71,276.43325735314613,35.58846981944214,-0.0453160660095476,69.68679410546306,-0.014396709954851391,276.43325735314613,1.3967845326548576e-05,1.3818355288378203,healthy_proxy
3486.574189170793,small_gap_midpoint,3512.1023389778593,0.5,8.163970094130525,111,3432.026366531869,3541.357522375371,1500.9786720496784,45.082743738687356,-3.4832433673926215,71,276.43325735314613,35.58846981944214,-0.0453160660095476,69.68679410546306,-0.014396709954851391,276.43325735314613,1.2968511925445867e-05,1.2866671649976877,healthy_proxy
3486.574189170793,small_gap_midpoint,3512.1023389778593,1.0,8.163970094130525,111,3432.026366531869,3541.357522375371,2687.3910244344456,84.96594536434785,-3.7606377651513356,71,276.43325735314613,35.58846981944214,-0.0453160660095476,69.68679410546306,-0.014396709954851391,276.43325735314613,9.35919722443663e-06,0.8868131942798364,healthy_proxy
3486.574189170793,zero_ordinate,3451.940669427532,1.0,8.146691864751887,111,3432.026366531869,3541.357522375371,10902109.76340076,8648.435349682835,-7.725197681179549,61,49829332.947545655,-8648.435349681184,1.688915437841751,415247.3615411216,1.897483437751099,-49829332.947545655,1.4396316468505894e-08,31.342539929303676,healthy_proxy
3486.574189170793,zero_ordinate,3491.811099965335,0.5,8.158175820411918,111,3432.026366531869,3541.357522375371,19333525.178229947,8618.2005331651,-7.9929426429813315,81,50038704.32151422,-8618.200533163448,-112.23388987564915,417246.49394636997,-588.4216378276216,-50038704.32151422,6.114462194822068e-08,35.39548791627797,healthy_proxy
3486.574189170793,zero_ordinate,3491.811099965335,0.2,8.158175820411918,111,3432.026366531869,3541.357522375371,44075419.67535135,8618.2005331651,-8.385536030660557,81,50038704.32151422,-8618.200533163448,-112.23388987564915,417246.49394636997,-588.4216378276216,-50038704.32151422,8.18865665548218e-08,32.993052817042454,healthy_proxy
3486.574189170793,zero_ordinate,3491.811099965335,0.1,8.158175820411918,111,3432.026366531869,3541.357522375371,63726522.219126485,8618.204494440804,-8.561188708158454,81,50038704.32151422,-8618.200533163448,-112.23388987564915,417246.49394636997,-588.4216378276216,-50038704.32151422,7.062359352152892e-08,44.11064885727568,healthy_proxy
3721.774256011696,gap_midpoint,3752.1755468201227,0.1,8.230091096563628,112,3667.307339233034,3776.258807342244,0.6192764023687543,0.787924593912089,0.22734805889915244,65,0.7866012147018209,0.7866012147018209,0.0030348033816108887,0.20386343707630614,0.0005283806422987198,0.11842787545932404,0.0006226395152329635,2.7479074167339173,healthy_proxy
3721.774256011696,large_gap_midpoint,3752.1755468201227,0.1,8.230091096563628,112,3667.307339233034,3776.258807342244,0.6192764023687543,0.787924593912089,0.22734805889915244,65,0.7866012147018209,0.7866012147018209,0.0030348033816108887,0.20386343707630614,0.0005283806422987198,0.11842787545932404,0.0006226395152329635,2.7479074167339173,healthy_proxy
3721.774256011696,gap_midpoint,3752.1755468201227,0.2,8.230091096563628,112,3667.307339233034,3776.258807342244,0.6208855644961557,0.791294054793226,0.2261168752633742,65,0.7866012147018209,0.7866012147018209,0.0030348033816108887,0.20386343707630614,0.0005283806422987198,0.11842787545932404,0.0006218372955004724,2.747513946401995,healthy_proxy
3721.774256011696,large_gap_midpoint,3752.1755468201227,0.2,8.230091096563628,112,3667.307339233034,3776.258807342244,0.6208855644961557,0.791294054793226,0.2261168752633742,65,0.7866012147018209,0.7866012147018209,0.0030348033816108887,0.20386343707630614,0.0005283806422987198,0.11842787545932404,0.0006218372955004724,2.747513946401995,healthy_proxy
3721.774256011696,random,3752.157302128633,0.1,8.23008623412166,112,3667.307339233034,3776.258807342244,0.6221899833894039,0.7922392881076409,0.2251212557761467,66,0.7884465530795626,0.7884465530795626,-0.02763737942756778,0.20512196298964858,-0.017319814598959968,0.11975173074493999,0.0006216946419968341,2.746973356125077,healthy_proxy
3721.774256011696,gram_point,3752.192512612083,0.1,8.230095618141416,112,3667.307339233034,3776.258807342244,0.6230861525549058,0.793198709010475,0.22443828372056174,65,0.7890139729250071,0.7890139729250071,0.031559162325848225,0.20509330402602544,0.017120110585155057,0.11960774589744823,0.0006206118026947235,2.7471841963227956,healthy_proxy
3721.774256011696,random,3752.157302128633,0.2,8.23008623412166,112,3667.307339233034,3776.258807342244,0.6238204949997445,0.7981076034918928,0.22387959269831778,66,0.7884465530795626,0.7884465530795626,-0.02763737942756778,0.20512196298964858,-0.017319814598959968,0.11975173074493999,0.0006208834274481936,2.7465719725683306,healthy_proxy
3721.774256011696,gram_point,3752.192512612083,0.2,8.230095618141416,112,3667.307339233034,3776.258807342244,0.6247199277877366,0.7994585287110859,0.22319592634694602,65,0.7890139729250071,0.7890139729250071,0.031559162325848225,0.20509330402602544,0.017120110585155057,0.11960774589744823,0.0006197997001721883,2.74678354711582,healthy_proxy
3721.774256011696,gap_midpoint,3752.1755468201227,0.5,8.230091096563628,112,3667.307339233034,3776.258807342244,0.6323354596525436,0.8139236093687836,0.21744751364347945,65,0.7866012147018209,0.7866012147018209,0.0030348033816108887,0.20386343707630614,0.0005283806422987198,0.11842787545932404,0.000616194634083803,2.744722132574892,healthy_proxy
3721.774256011696,large_gap_midpoint,3752.1755468201227,0.5,8.230091096563628,112,3667.307339233034,3776.258807342244,0.6323354596525436,0.8139236093687836,0.21744751364347945,65,0.7866012147018209,0.7866012147018209,0.0030348033816108887,0.20386343707630614,0.0005283806422987198,0.11842787545932404,0.000616194634083803,2.744722132574892,healthy_proxy
3721.774256011696,random,3752.157302128633,0.5,8.23008623412166,112,3667.307339233034,3776.258807342244,0.6354238853874306,0.8285855346033905,0.2151360287054536,66,0.7884465530795626,0.7884465530795626,-0.02763737942756778,0.20512196298964858,-0.017319814598959968,0.11975173074493999,0.0006151776276776725,2.7437237208864738,healthy_proxy
3721.774256011696,gram_point,3752.192512612083,0.5,8.230095618141416,112,3667.307339233034,3776.258807342244,0.6363463042012937,0.8311054867507519,0.21444770281611822,65,0.7890139729250071,0.7890139729250071,0.031559162325848225,0.20509330402602544,0.017120110585155057,0.11960774589744823,0.0006140881193450736,2.7439406252654397,healthy_proxy
3721.774256011696,gap_midpoint,3752.1755468201227,1.0,8.230091096563628,112,3667.307339233034,3776.258807342244,0.6760176790481517,0.8967622268061338,0.18575604545322863,65,0.7866012147018209,0.7866012147018209,0.0030348033816108887,0.20386343707630614,0.0005283806422987198,0.11842787545932404,0.0005956847701536488,2.7342103478091317,healthy_proxy
3721.774256011696,large_gap_midpoint,3752.1755468201227,1.0,8.230091096563628,112,3667.307339233034,3776.258807342244,0.6760176790481517,0.8967622268061338,0.18575604545322863,65,0.7866012147018209,0.7866012147018209,0.0030348033816108887,0.20386343707630614,0.0005283806422987198,0.11842787545932404,0.0005956847701536488,2.7342103478091317,healthy_proxy
3721.774256011696,random,3752.157302128633,1.0,8.23008623412166,112,3667.307339233034,3776.258807342244,0.679716433797665,0.9268496722786342,0.18316738748294784,66,0.7884465530795626,0.7884465530795626,-0.02763737942756778,0.20512196298964858,-0.017319814598959968,0.11975173074493999,0.0005944404708743478,2.732995143410735,healthy_proxy
3721.774256011696,gram_point,3752.192512612083,1.0,8.230095618141416,112,3667.307339233034,3776.258807342244,0.6807228081227819,0.9312767936198314,0.1824653781882271,65,0.7890139729250071,0.7890139729250071,0.031559162325848225,0.20509330402602544,0.017120110585155057,0.11960774589744823,0.0005933364869693709,2.7332338979697393,healthy_proxy
3721.774256011696,uniform,3689.1271971881665,0.1,8.213145177129158,112,3667.307339233034,3776.258807342244,0.7048733284760297,0.8505941286569126,0.16608785622490949,63,0.8391654027843012,0.8391654027843012,-0.10275995041915556,0.22845922438756874,-0.05907080855654845,0.1402325543913006,0.0005735901178381099,2.7355610265803776,healthy_proxy
3721.774256011696,uniform,3689.1271971881665,0.2,8.213145177129158,112,3667.307339233034,3776.258807342244,0.7069035814257499,0.8643748628328379,0.16472198278262185,63,0.8391654027843012,0.8391654027843012,-0.10275995041915556,0.22845922438756874,-0.05907080855654845,0.1402325543913006,0.0005727280338988263,2.7350817915526466,healthy_proxy
3721.774256011696,uniform,3689.1271971881665,0.5,8.213145177129158,112,3667.307339233034,3776.258807342244,0.7213702601836565,0.9207178692507391,0.15510146838801167,63,0.8391654027843012,0.8391654027843012,-0.10275995041915556,0.22845922438756874,-0.05907080855654845,0.1402325543913006,0.0005666694689842076,2.731679138516726,healthy_proxy
3721.774256011696,uniform,3689.1271971881665,1.0,8.213145177129158,112,3667.307339233034,3776.258807342244,0.7768821413465178,1.0725846923884708,0.11989472156979654,63,0.8391654027843012,0.8391654027843012,-0.10275995041915556,0.22845922438756874,-0.05907080855654845,0.1402325543913006,0.0005447259957452044,2.718834352375887,healthy_proxy
3721.774256011696,small_gap_midpoint,3693.009319331192,0.1,8.214196938361752,112,3667.307339233034,3776.258807342244,1540.6617671220454,39.52212073801762,-3.4854897337801285,68,325.937796876437,39.11844843523132,-0.052206660742372846,79.41759681727892,-0.015259330400978814,325.937796876437,1.3003056739131274e-05,1.347268292974355,healthy_proxy
3721.774256011696,small_gap_midpoint,3693.009319331192,0.2,8.214196938361752,112,3667.307339233034,3776.258807342244,1572.5329130199395,40.739186493111816,-3.495212867279839,68,325.937796876437,39.11844843523132,-0.052206660742372846,79.41759681727892,-0.015259330400978814,325.937796876437,1.28698583586032e-05,1.3337780132281394,healthy_proxy
3721.774256011696,small_gap_midpoint,3693.009319331192,0.5,8.214196938361752,112,3667.307339233034,3776.258807342244,1825.2912762822816,49.970308144337885,-3.5659923376604667,68,325.937796876437,39.11844843523132,-0.052206660742372846,79.41759681727892,-0.015259330400978814,325.937796876437,1.1914022906155113e-05,1.2334384044647786,healthy_proxy
3721.774256011696,small_gap_midpoint,3693.009319331192,1.0,8.214196938361752,112,3667.307339233034,3776.258807342244,3347.8942375764664,96.09219315176196,-3.854041322397096,68,325.937796876437,39.11844843523132,-0.052206660742372846,79.41759681727892,-0.015259330400978814,325.937796876437,8.474917550788787e-06,0.8132304295698114,healthy_proxy
3721.774256011696,zero_ordinate,3687.538413759766,1.0,8.2127144178846,112,3667.307339233034,3776.258807342244,11443135.90921328,8860.632131944945,-7.71858671284327,62,51050661.16576084,-8860.632131943254,1.528273594638919,425424.9413586955,1.6598314676470032,-51050661.16576084,1.4652871693039016e-08,31.34239126436823,healthy_proxy
3721.774256011696,zero_ordinate,3714.424676839816,0.5,8.219979080243792,112,3667.307339233034,3776.258807342244,20372716.279454965,8852.760764841041,-7.989160478116734,81,51185813.77005014,-8852.760764839346,47.47663019434177,426639.40912176797,181.41993871334563,-51185813.77005014,5.4527970795126954e-08,35.13959268193919,healthy_proxy
3721.774256011696,zero_ordinate,3714.424676839816,0.2,8.219979080243792,112,3667.307339233034,3776.258807342244,46615164.14237992,8852.760764841041,-8.382088436088207,81,51185813.77005014,-8852.760764839346,47.47663019434177,426639.40912176797,181.41993871334563,-51185813.77005014,7.168799841012761e-08,32.654792141475866,healthy_proxy
3721.774256011696,zero_ordinate,3714.424676839816,0.1,8.219979080243792,112,3667.307339233034,3776.258807342244,67290136.72575729,8852.760764841041,-8.556347149144356,81,51185813.77005014,-8852.760764839346,47.47663019434177,426639.40912176797,181.41993871334563,-51185813.77005014,6.184971641187067e-08,43.73532701560087,healthy_proxy
